model,features,n,cv_auc_mean,cv_auc_sd
PC1 only,pc1,75000,0.9841235856919024,0.0007920673791399665
PC1 + PC2,"pc1,pc2",75000,0.9842632618817436,0.0008434218111822647
PC1 through PC5,"pc1,pc2,pc3,pc4,pc5",75000,0.9880498627640542,0.0011835329209234345
